,Name,Phone_Number,Adress,Website
0,12 Hats Media Lab,['0420457808'],"['30 Batavia Avenue, Wannanup, 6210                 ']",https://12hatsmedialab.com.au/index.html
1,Abba Caravans,['9529'],"['8 Ambrose Street, Rockingham, 6168                 ']",https://abbacaravans.com/
2,ACTON Mandurah,['9550'],"['Corner of Mandurah Terrace and Hackett Street, Mandurah, 6210                 ']",https://www.acton.com.au/contact/ACTON-mandurah
3,ACTON Rockingham,['9592'],"['Unit 4/1 Commodore Drive, Rockingham, 6168                 ']",https://www.acton.com.au/contact/ACTON-rockingham
4,Affordable Building Inspections,['0409906688'],"['Mandurah, Mandurah, 6210                 ']",https://www.facebook.com/buildinginspectionsmandurahperthandsurrounds/
5,Affordable Cuts Tree Service,['0406211653'],"['Port Kennedy, Port Kennedy, 6172                 ']",https://www.facebook.com/affordablecutstreeservice/
6,Allsorts Repairs & Services,['0475033664'],"['21 George Street, Pinjarra, 6208                 ']",https://www.facebook.com/pages/category/Shoe-Repair-Shop/Allsorts-Repairs-Services-Pinjarra-316049769091463/
7,Alphabet Academy WA,['0410023497'],"['21b Shayne Street, Halls Head, 6210                 ']",https://www.facebook.com/Alphabet-Academy-WA-761133793953605/
8,Andersen Auto Body Repairs,['0438815437'],"['24 Hampton Street, Greenfields, 6210                 ']",https://www.facebook.com/AndersenAutoBodyRepairs/
9,Andrew The Mobile Handyman,['0412977169'],"['Mandurah, Mandurah, 6210                 ']",https://www.facebook.com/AndrewThe-Mobile-Handyman-357136341158889/
10,Anhayka,['0448016123'],"['6 Achilles Place, Greenfields, 6210                 ']",https://www.facebook.com/Anhayka/
11,Applied Body Therapeutics,['95354111'],"['12 Cooper Street, Mandurah, 6210                 ']",https://www.remedialmassage.biz/
12,ARMSEC WA Security,['0430339500'],"['146 Pinjarra Road, Mandurah, 6210                 ']",http://www.armsecwa.com.au/
13,Aster and Ruby,['95850865'],"['Shop GO68 Mandurah Forum, 330 Pinjarra Road, Mandurah, 6210                 ']",https://asterandruby.com.au/
14,Attic Services,['0433563301'],"['2/24 Veneto Lane, Mandurah, 6210                 ']",http://www.atticservices.com.au/
15,Attitude For Dance,['0401'],"['7/28 Bakewell Drive, Port Kennedy, 6172                 ']",https://attitudefordance.com.au/
16,Aussie Outdoor Alfresco/Cafe Blinds,['95833035'],"['29 Panton Road, Greenfields, 6210                 ']",https://aussieoutdoor.com.au/
17,Australian Bee Company,['0408511325'],"['Mandurah, Mandurah, 6210                 ']",https://www.facebook.com/Australianbeecompany/
18,Auto One Pinjarra,['9531'],"['1 Murray Street, Pinjarra, 6208                 ']",https://www.autoone.com.au/pinjarra
19,Autocare Mandurah,['9535'],"['4 Tindale Street, Mandurah, 6210                 ']",https://www.facebook.com/autocaremandurah/
20,Automotive Inspection Services & Mechanical Repairs,['9583'],"['Unit 1/3 Rouse Road, Mandurah, 6210                 ']",https://www.facebook.com/AutomotiveInspectionServices/
21,Autowest Mandurah,['9535'],"['80 Pinjarra Road, Mandurah, 6210                 ']",http://autowest.vendecommerce.com/
22,Baldivis Enchanted Florist,['95242400'],"['Shop 80, Stockland Baldivis Shopping Centre, Baldivis, 6171                 ']",https://www.facebook.com/baldivisflorist/
23,Bassett-Scarfe Realty,['9535'],"['6 Mandurah Terrace, Mandurah, 6210                 ']",https://www.bassettscarfe.com.au/
24,Battery Force,['9537'],"['864 Pinjarra Road, Furnissdale, 6209                 ']",http://www.batteryforce.com.au/
25,Battery Wholesaler Mandurah,['9586'],"['3/26 Rafferty Road, Mandurah, 6210                 ']",https://www.facebook.com/batterywholesaler/
26,Battery World Mandurah,['13'],"['3 Kulin Way, Mandurah, 6210                 ']",http://www.batteryworld.com.au/
27,Bayshore Garden Chinese Restaurant,['9537'],"['Shop 3 Fitch St, Singleton, 6175                 ']",https://www.facebook.com/Bayshore-Garden-Chinese-Restaurant-982773581757219/
28,Bayshore Naturopathic Clinic,['9592'],"['Unit 6, 3 Goddard St, Rockingham, 6168                 ']",https://www.bayshorenaturopathic.com/
29,BE Surveys,['95355833'],"['Unit 3, 10 Thornborough Road, Mandurah, 6210                 ']",https://besurveys.com.au/
30,Bear-All Contracting,['0439979371'],"['Pinjarra, Pinjarra, 6208                 ']",https://www.facebook.com/Bearallcontracting/
31,Bedshed Mandurah,['95816799'],"['11 Gordon Mandurah, Mandurah, 6210                 ']",https://www.bedshed.com.au/
32,Berry Management Services Pty Ltd,['0478168051'],"['36 Peelwood Parade, Halls Head, 6210                 ']",http://www.berrymanagementservices.com.au/
33,Birdsong Press,['9581'],"['Studio 2/9 Birdsong Grove, Greenfields, 6210                 ']",http://birdsongpress.com/
34,Black Velvet and Honey Mobile Espresso Bar,['0484820760'],"['Pinjarra Road, Ravenswood, 6208                 ']",https://www.facebook.com/blackvelvethoney01/
35,Blue Bay Barber Shop,['95359350'],"['Old Coast Plaza, Cnr Mary St ']",https://www.facebook.com/pages/Blue-Bay-Barbers/288687411228334
36,Blue Cherry Bridal,['0458'],"['2/8 Thornborough Road, Greenfields, 6210                 ']",https://www.bluecherrybridal.com.au/
37,Blue Manor Roof Restorations,['9586'],"['Unit 1/1 Galbraith Loop, Erskine, 6210                 ']",http://www.bluemanorroofrestorations.com.au/
38,Bob Jane T-Marts,['95833768'],"['15 Fitzgerald Road, Greenfields, 6210                 ']",https://www.facebook.com/Bob-Jane-T-Marts-Mandurah-179069592103778/
39,Boddington Motel,['9883'],"['55 Bannister Rd, Boddingtaon, 6390                 ']",http://www.boddingtonmotel.com.au/
40,Bodybuilding Oz,['0410186386'],"['Ravenswood, Ravenswood, 6208                 ']",https://www.bodybuildingoz.com.au/
41,Bosch Car Service Mandurah,['95867111'],"['4 Harlem Place, Greenfields, 6210                 ']",https://boschcarservicemandurah.com.au/
42,Brad's Planet Landscaping,['0411118341'],"['24 Yallingup Loop, Dawesville, 6211                 ']",http://www.bradsplanet.com.au/
43,Breathing Space with Gecko - Holistic Family Support,['0477712718'],"['Mandurah, Mandurah, 6210                 ']",https://www.facebook.com/BreathingSpaceWithGecko/
44,Briscoe’s Lunch Bar,['95819131'],"['Unit 1, 7 Kulin Way, Mandurah, 6210                 ']",https://www.facebook.com/pages/Briscoes-Lunch-Bar/122180054596384
45,Broady Construction Services,['0475'],"['Secret Harbour, Secret Harbour, 6173                 ']",https://www.facebook.com/BCS-Broady-Construction-Services-949531225251766/
46,Brooke's Girl Torque Mechanical,['0468'],"['4/77 Gordon Road, Greenfields, 6210                 ']",https://www.facebook.com/bgtmechanical/
47,Bryson Canvas,['9581'],"['16 Thornborough Road, Greenfields, 6210                 ']",http://brysoncanvas.com.au/
48,Bucking Bull Mandurah,['9500'],"['Mandurah Forum Shopping Centre, Mandurah, 6210                 ']",https://www.buckingbull.net.au/
49,Busters Baby Warehouse,['95820215'],"['U5/16 Rouse Road, Mandurah, 6210                 ']",https://www.bustersbabywarehouse.com.au/
50,Cabinetz,['0431585642'],"['Unit 4/14 Tindale Street, Mandurah, 6210                 ']",https://www.facebook.com/Cabinetz/
51,Cafe Clipper,['9527'],[],https://www.hotelclipper.com.au/
52,Cake-O-Licious,['95245006'],"['Shop 12a, 387 Warnbro Sound Ave, Port Kennedy, 6172                 ']",http://www.cake-o-licious.com.au/
53,Calmack Panel & Paint,['9581'],"['Unit 1, ']",http://www.calmack.com.au/
54,Catalano and Co Baldivis,['9558'],"['61 Makybe Drive, Baldivis, 6171                 ']",https://www.facebook.com/CatalanoandCo/
55,Cerámico Tiles & Bathrooms,['9556'],[],https://ceramicowa.com/
56,Chameleon Costumes,['95246002'],"['Unit 3/4 Bakewell Drive, Port Kennedy, 6172                 ']",https://www.chameleoncostumes.com.au/
57,Chantels Custom Muesli Bars,['0408113230'],"['68 Rubens Cct, Baldivis, 6171                 ']",https://www.facebook.com/pg/chantelscustommueslibars/about/
58,Charthouse Cafe,['0425'],"['11/78 Stargate Shopping Centre, Charthouse Road, Waikiki, 6169                 ']",https://www.facebook.com/charthousecafe/
59,Cheapa Skips,['0405559596'],"['6 Harrell Way, Rockingham, 6169                 ']",https://www.cheapaskipswa.com.au/
60,Cherubs Kitchen,['0466884546'],"['Mandurah Forum, 330 Pinjarra Road, Mandurah, 6210                 ']",https://www.facebook.com/cherubskitchenmandurah/
61,Cinnamon Yoga,['0429864672'],"['39 Cervantes Ave, Baldivis, 6171                 ']",https://www.cinnamonyoga.com.au/
62,Classic Security,['9581'],"['Unit 1/51 Gordon Road, Mandurah, 6210                 ']",https://www.facebook.com/Classic-Security-381709728543194/
63,Classic Stitches,['0407574078'],"['Unit 1, 18 Galbraith Loop, Erskine, 6210                 ']",https://www.facebook.com/Classic-Stitches-258745840861223/
64,Clayton's Auto Centre,['95842562'],"['3/2 Cumberland Street, Greenfields, 6210                 ']",http://www.claytonsauto.com.au/
65,Cleaners For Causes,['0438'],"['PO Box 1291, Mandurah, 6210                 ']",https://www.facebook.com/cleanersforcauseswa/
66,Coastal Connect,['95842281'],"['1/2 Cumberland St, Greenfields, 6210                 ']",https://coastalconnectwa.com.au/
67,Coastal Connect & Antenna,['95842281'],"['1/2 Cumberland St, Greenfields, 6210                 ']",https://www.coastalantenna.com.au/
68,Coastal Curtains & Blinds,['9583'],"['Unit 5/17 Gordon Road, Mandurah, 6210                 ']",https://www.facebook.com/Coastal-BlindsABC-Blinds-1108108195940837/
69,Coastal Flooring,['9528'],"['Unit 1 / 8 Pickard Avenue, Rockingham, 6210                 ']",https://www.facebook.com/CoastalFlooringWA/
70,Coastal Framing,['0406'],"['Unit 1 / 6 Rafferty Rd, Mandurah, 6210                 ']",http://www.coastalframing.com.au/
71,Coastal Vet,['9535'],"['268 Pinjarra Road, Mandurah, 6210                 ']",https://www.facebook.com/coastalmandurahsthvets/
72,Commercial and Residential Premium Cleaning Services,['0476581181'],"['Mandurah, Mandurah, 6210                 ']",https://www.facebook.com/512166009307712/posts/768928843631426/
73,Complete Sheds & Patios,['9535'],"['163 Watson Drive, Barragup, 6209                 ']",https://www.facebook.com/completesag/
74,Cool Eats,['95222750'],"['52 Mandurah Terrace, Mandurah, 6210                 ']",https://cooleats.com.au/
75,Cool Hard Hats,['0410436090'],"['Mandurah, Mandurah, 6210                 ']",https://www.coolhardhats.com.au/
76,Country Rugs,['9583'],"['63 Gordon Rd, Greenfields, 6210                 ']",https://www.facebook.com/countryrugs/
77,Cove Medispa,['0413'],"['141 boardwalk Blvd, Halls Head, 6210                 ']",https://www.covemedispa.com.au/
78,Creative Clips,['0410375912'],"['95 Maroubra Parade, Secret Harbour, 6173                 ']",https://creativeclipskk.wixsite.com/creativeclips
79,Curtain Gallery,['95817811'],"['3/15 Kulin Way, Mandurah, 6210                 ']",https://www.curtaingallery.com.au/
80,Custom Photo Imaging,['9590'],"['Unit 3, 4 Day Road, East Rockingham, 6168                 ']",https://www.onlinephotoprinting.com.au/
81,Dads n Lads Barbers,['9534'],"['Shop 7, Miami Shopping Village, Old Coast Road, Falcon, 6210                 ']",https://www.facebook.com/Nath0sian/
82,David Chapman Professional Painters & Decorators,['0478978030'],"['48 Lakeway Retreat, Dawesville, 6211                 ']",https://www.dchapmanpainter.com.au/
83,Designed By Magic,['0418'],"['Greenfields, Mandurah, 6210                 ']",https://www.facebook.com/dbmgraphix/
84,Detailing & Cleaning Services,['0410960088'],"['Boundary Road, Mandurah, 6210                 ']",https://www.facebook.com/detailingandcleaningservices
85,Dickers Speed Shoppe,['95559477'],"['9 Rafferty Road, Mandurah, 6210                 ']",http://www.dickers.com.au/
86,Diesel Remap & Dyno Mandurah,['9583'],"['21 Thornborough Road, Mandurah, 6210                 ']",https://www.facebook.com/dieseldynomandurah/
87,Dirt 'n' Boondies,['95822243'],"['80 Bailey Boulevard, Dawesville, 6210                 ']",https://dirtnboondies.com/
88,Dirt 'n' Boondies Landscape & Garden Supplies,['9582'],"['80 Bailey Boulevard, Dawesville, 6211                 ']",https://www.facebook.com/Dirt-n-Boondies-Landscape-Garden-Supplies-470955552962207/
89,District Screens,['9535'],"['9/1 Galbraith Loop, Erskine, 6210                 ']",http://www.districtscreens.com.au/
90,Diverse Glazing Group,['9581'],"['57 Gordon Road, Mandurah, 6210                 ']",https://www.facebook.com/diverseglazing
91,Dobson Excavations,['0413000977'],"['78 Lewis Road, Serpentine, 6125                 ']",https://www.dobsonexcavations.com.au/
92,Dolphin Window Cleaning,['0417175049'],"['3 Driver Link, South Yunderup, 6208                 ']",http://www.dolphinwindowcleaningwa.com/
93,Drip Hunters Plumbing and Gas,['0439922548'],"['Warnbro Sound Ave, Port Kennedy, 6172                 ']",https://www.facebook.com/DripHunters/
94,DS Family Law,['9582'],"['279 Pinjarra Road, Mandurah, 6210                 ']",https://www.dsfamilylaw.com.au/
95,Ecokleensolar,['0438898364'],"['Mandurah, Mandurah, 6210                 ']",https://www.ecokleensolar.com.au/mandurah-bibralake/
96,ECU WEST Performance Technology,['9590'],"['U6/18 Jacquard Way, Port Kennedy, 6172                 ']",http://ecuwest.com.au/
97,Elite Painting,['0404681371'],"['Evergreen Loop, Stakehill, 6181                 ']",https://www.elitepainting.com.au/
98,Ellie's Cafe,['95246453'],"['3/397 Warnbro Sound Ave, Port Kennedy, 6172                 ']",https://www.facebook.com/elliescafeportkennedy/
99,Endeavour Property Services,['0403680162'],"['12 Ashland Crescent, Port Kennedy, 6172                 ']",https://www.endeavourpropertyservices.com/
100,Erskine Pets,['95351722'],"['7/1 Galbraith Loop, Erskine, 6210                 ']",https://www.facebook.com/ErskinePets/
101,Euro King Auto Engineering,['95816588'],"['4 Quarry Way, Mandurah, 6210                 ']",https://www.euroking.com.au/
102,Evoo Quality Foods,['9331'],"['17A Tayet Link, Bibra Lake, 6172                 ']",https://evooqualityfoods.com.au/
103,Exit Waste,['0428588980'],"['543 King Rd, Oldbury, 6121                 ']",https://septicspecialist.com.au/
104,Extreme RC World,['0449697003'],"['Unit 12, 4 Guava Way, Halls Head, 6210                 ']",https://extreme-rc-world.myshopify.com/
105,Falcon Classic Cabinets,['9582'],"['Unit 3 / 10 Galbraith Loop, Erskine, 6210                 ']",https://falconclassiccabinets.com/
106,Falcon Signs,['0401641889'],"['143 Spinaway Parade, Falcon, 6210                 ']",https://www.facebook.com/FalconSignsMH/
107,Felcon Engineering,['0409'],"['18 Rafferty Road, Mandurah, 6210         ']",
108,Finucare Financial Counselling,['9581'],"['Mandurah, Mandurah, 6210                 ']",http://www.finucare.org.au/
109,Flash Cat Cleaning,['0423887491'],"['69 Templetonia Prom, Halls Head, 6210                 ']",https://www.facebook.com/flashcatcleaning/
110,Florida Beach Fitness,['0406751440'],"['Salmon Gums Lane, Dawesville, 6210                 ']",https://www.facebook.com/floridabeachfitness
111,Ford and Doonan Mandurah,['9581'],"['2/66 Reserve Drive, Mandurah, 6210                 ']",http://fordanddoonan.com.au/air-conditioning-mandurah/
112,Foreshore Caravans Mandurah,['95813724'],"['30 Reserve Drive, Mandurah, 6210                 ']",https://www.foreshorecaravanrepairs.com.au/
113,Foresthills Electrics Pty Lyd,['0428760376'],"['Halls Head, Halls Head, 6210         ']",
114,Formula 1 Garage Doors,['0423324527'],"['9 Arpenteur Turn, Madora Bay, 6210                 ']",https://www.formula1garagedoors.net.au/
115,Fresh Start Counselling Mandurah,['0401'],"['Allnut Street, Mandurah, 6210                 ']",https://freshstartmandurah.wixsite.com/fscm
116,Frisky Deer,['0438020479'],"['12 San Polo Vista, Mandurah, 6210                 ']",https://www.friskydeer.com.au/
117,Frontline Pest Management,['95820727'],"['PO Box 2054, Mandurah, 6210                 ']",https://www.frontlinepestmanagement.com.au/
118,Frontline Pest Management,['95820727'],"['16/10 Lively Place, Mandurah, 6210                 ']",https://www.frontlinepestmanagement.com.au/
119,Fully Promoted Mandurah Inc EmbroidMe,['95819917'],"['1/72 Reserve Drive, Mandurah, 6210                 ']",https://fullypromoted.com.au/mandurah
120,Get Better Doctors,['1800238837'],"['Grange Drive, Cooloongup, 6168                 ']",https://www.getbetter.com.au/
121,Ghost Industries,['0409360321'],"['56 Cawana Parkway, Lakelands, 6180                 ']",https://www.facebook.com/ghostindustrieswa
122,Giant Mandurah,['95358854'],"['Shop 2 / 10 Rutland Drive, Halls Head, 6210                 ']",http://www.giantmandurah.com.au/au
123,GJ Gardner Homes Rockingham,['0456781949'],"['10/9 Kent Street, Rockingham, 6168                 ']",https://www.gjgardner.com.au/
124,Global Diagnostics,['9726'],"['110 Lakes Road, Greenfields, 6210                 ']",https://www.globaldiagnostics.com.au/
125,Global Protection Systems Pty Ltd,['0418344310'],"['PO Box 5570, Falcon, 6210                 ']",https://globalprotectionsystems.com.au/
126,Go Greener Synthetic Lawns,['1300'],"['33 Galbraith Loop, Erskine, 6210                 ']",https://www.gogreenersynthetics.com.au/
127,Godfrey Electrical,['0432'],"['PO Box 4135, Mandurah North, 6210         ']",
128,Greenfields Supa Deli,['9535'],"['1 Rio Grande Ave, Greenfields, 6210                 ']",https://www.facebook.com/Greenfieldssupadeliandbakery/
129,Gutter Suction Perth,['0484039561'],"['11 Shapwick Approach, Butler, 6036                 ']",https://www.guttersuctionperth.com.au/
130,Guttermen WA,['0418933918'],"['Meadow Springs, Meadow Springs, 6210                 ']",https://www.facebook.com/guttermenwa/
131,H & R Block Tax Accountants,['9531'],"['5 / 323 Pinjarra Road, Mandurah, 6210                 ']",https://www.hrblock.com.au/
132,Hairology,['9535'],"['Shop 37 Banksidale Gate, Lakelands, 6180                 ']",https://www.facebook.com/hairologystudio1/
133,Hairworks Hub,['0403244862'],"['Rockingham Shopping Centre, 1 Council Ave, Rockingham, 6168                 ']",https://www.facebook.com/hairworkshub/
134,Halls Head Laundrette,['0428271463'],"['4 Guava Way, Halls Head, 6210         ']",
135,Halls Head Pharmacy,['9535'],"['Shop 10 Halls Head Central Shopping Centre, Halls Head, 6210         ']",
136,Halls Head Physiotherapy,['9581'],"['81 Glencoe Parade, Halls Head, 6210                 ']",https://www.hallsheadphysio.com/
137,Halls Head Small Animal Clinic,['95811012'],"['12 Peelwood Parade, Halls Head, 6210                 ']",https://www.hallsheadvet.com/
138,Hamiltons Tree Service,['0418'],"['12 Empress Court, Barragup, 6209                 ']",https://www.facebook.com/HamiltonsTreeServiceMandurah/
139,Han’s Cafe Mandurah,['95813203'],"['41 Ormsby Tce, Mandurah, 6210                 ']",https://hanscafe.com.au/
140,Harcourts Mandurah,['9581'],"['284 Pinjarra Road, Mandurah, 6210                 ']",https://www.facebook.com/harcourts.mandurah
141,Hidden Valley Electrical,['0413'],"['3 Premier Street, Dudley Park, 6210                 ']",https://www.facebook.com/Hidden-Valley-Electrical-1223500947774785/
142,Highgrove Bathrooms Mandurah,['9587'],"['26 Rouse Road, Greenfields, 6210                 ']",https://www.highgrovebathrooms.com.au/
143,Hippie Surf,['95348898'],"['6/1 Galbraith Loop, Erskine, 6210                 ']",https://www.facebook.com/Hippie-Surf-1981915612054228/
144,Hogs Breath Cafe Mandurah,['0431225712'],"['Unit 3/4, 51 Pinjarra Road, Mandurah, 6210                 ']",https://www.facebook.com/hogsbreathmandurah/
145,Hot Klobba / Hip Pocket Mandurah,['9535'],"['104 Park Road, Mandurah, 6210                 ']",https://www.facebook.com/HipPocketMandurahWA/
146,Hotel Clipper,['9527'],[],https://www.hotelclipper.com.au/
147,House of Isabella,['0416400559'],"['17/38 Mandurah Terrace, Mandurah, 6210                 ']",https://www.houseofisabella.com.au/
148,Hulk Waste & Rubbish Rangers Skip Bin Hire,['0427'],"['Hampton Street, Mandurah, 6210                 ']",https://www.hulkwaste.com.au/
149,Hunters Patios,['0412373440'],"['69 Secret Harobur Blvd, Secret Harbour, 6173                 ']",http://www.hunterspatios.com.au/
150,iBreeze,['95349491'],"['15/33 Galbraith Loop, Falcon, 6210                 ']",https://www.ibreeze.com.au/
151,Ideal Garage Doors,['9586'],"['Unit 5/10 Rafferty Road, Mandurah, 6210                 ']",https://www.idealgaragedoors.com.au/
152,Imperial floor sanding,['0408092042'],"['Mandurah, Mandurah, 6210                 ']",https://www.facebook.com/Imperial-floor-sanding-103450441059207/
153,Innovative Appliance Repairs,['0408667334'],"['9 Wayside Court, Ravenswood, 6208                 ']",http://www.innovativeappliancerepairs.com.au/
154,Internal IT,['6424'],"['Unit 2, ']",https://www.internalit.com.au/
155,Jason's Lawn & Gardens Services,['0468316284'],"['Coodanup, Coodanup, 6210                 ']",https://www.facebook.com/JasonsLawnandGardens
156,Jetty Fish N Chips,['95811233'],"['Shop 4 / 9 Mandurah Terrace, Mandurah, 6210                 ']",https://www.facebook.com/jettyfishchipsnburgers/
157,Jim's Dog Wash Baldivis,['131'],"['55 Lakemba Way, Waikiki, 6169                 ']",https://www.facebook.com/jimsdogwashbaldivis/
158,Jim's Termite & Pest Control - Dudley Park,['0427777218'],"['18 Railton Place, Dudley Park, 6210                 ']",https://www.productreview.com.au/listings/jims-pest-control-wa
159,JM Sales,['9581'],"['47 Gordon Road, Mandurah, 6210                 ']",https://www.facebook.com/jmsalesmandurahwa/
160,Johnny Lewer Smash Repairs,['95819494'],"['20 Thornborough Road, Greenfields, 6210                 ']",https://www.johnnylewersmashrepairs.com.au/
161,Joseph Paterniti & Associates,['95273070'],"['123 Read Street, Rockingham, 6168                 ']",https://www.jpaaccounting.com/
162,Just Barbeques,['95818900'],"['5a Kulin Way, Mandurah, 6210                 ']",http://www.justbarbeques.com.au/
163,Just Glorious,['0407084117'],"['Caballo Court, Safety Bay, 6169                 ']",https://justglorious.com.au/
164,KAJ Installations & Services,['0404'],"['PO Box 2303, Mandurah, 6210                 ']",https://www.kajinstallations.com/
165,Kaleidoscope Rugs & Soft Furnishings,['9534'],"['264 Pinjarra Road, Mandurah, 6210                 ']",https://www.facebook.com/kaleidoscoperugs/
166,Kangatraining Mandurah,['0427816529'],"['Mandurah, Mandurah, 6210                 ']",https://www.facebook.com/kangatrainingmandurah/
167,Karnup Nursery - Arid & Exotic Plants,['0408916780'],"['77 Fletcher Road, Karnup, 6176                 ']",https://www.facebook.com/karnupnursery/
168,Keep It Neat Home and Garden Service,['0412'],"['1 Ongerup Pass, Dawesville, 6211                 ']",https://www.keep-it-neat.com/
169,Kelly’s Hot Water Gas & Air,['9535'],"['Unit 2/10 Rafferty Road, Mandurah, 6210                 ']",https://www/facebook/com/kellys.hwga
170,Kenny's Roofing,['0447'],"['Mandurah, Mandurah, 6210                 ']",https://www.kennysroofing.com.au/
171,Kev's Wheelie Kleen,['0401'],"['10 Corella Approach, Lakelands, 6180                 ']",http://www.kevswheeliekleen.com.au/
172,Keyper Locksmiths,['0429383261'],"['Wannanup, Wannanup, 6210                 ']",https://www.keyperlocksmiths.com.au/
173,Kid Psykology Australia,['0419906155'],"['67 Peelwood Parade, Halls Head, 6210                 ']",https://www.kidpsychologyaustralia.com/
174,King Kong Sales,['95812975'],"['7 Smart St, Mandurah, 6210         ']",
175,Kleen Team Services,['0402277733'],"['Glencoe Parade, Halls Head, 6210                 ']",https://www.facebook.com/KleenTeamservice/
176,Kleen Team Services,['0402277733'],"['Halls Head, Halls Head, 6210                 ']",https://www.facebook.com/KleenTeamservice/
177,Krazy Teez,['95457887'],"['26 Mandurah Tce, Mandurah, 6210                 ']",https://www.facebook.com/krazyteez/
178,Kwik Skips,['0412'],"['15 Ambrose Street, Rockingham, 6168                 ']",https://www.kwikskips.com.au/
179,Lake Clifton Boarding Kennels,['0419917254'],"['14 Clifton Downs Road, Herron, 6211         ']",
180,Lakeland’s Fish and Chips,['6313'],"['49 Banksiadale Gate, Lakelands, 6180                 ']",https://www.facebook.com/lakelandsfishandchips/
181,Lakelands Mechanical,['95829307'],"['187 Mandurah Terrace, Mandurah, 6210                 ']",https://www.facebook.com/lakelandsmechanical/
182,Landscape Kerbing,['0458'],"['8 Greenwood Way, Barragup, 6209                 ']",https://www.landscapekerbing.com.au/
183,Lane Ford,['9535'],[],https://www.laneford.com.au/
184,Laras Seam Sewing and Alterations,['0409114568'],"['Shop 8, 43 Pinjarra Rd, Mandurah, 6210         ']",
185,Lasar Computers,['95353947'],"['Unit 1, 10 Dower St, Mandurah, 6210                 ']",https://www.facebook.com/LasarComputers
186,Lazboy Gallery Mandurah,['9555'],"['Unit 3, 9 Gordon Road, Mandurah, 6210                 ']",https://www.la-z-boy.com.au/store/la-z-boy-furniture-gallery-mandurah
187,Lazy Jane's Cafe,['9534'],"['Shop 12, Miami Plaza, Falcon, 6210                 ']",https://www.facebook.com/LazyJanes/
188,Learning Pod Group,['1300'],"['4 / 3 Fielden Way, Port Kennedy, 6172                 ']",https://www.facebook.com/learningpodgroup
189,Leave It To Us Cleaning Services,['0425'],"['Mandurah, Mandurah, 6210                 ']",https://www.facebook.com/leaveittouscleaningservices
190,Lenny's Family Butchers,['95347878'],"['Shop 7 / 53 Murdoch Drive, Greenfields, 6210                 ']",https://www.facebook.com/LennysFamilyButchers/
191,Little Bees Baby Sitting Business,['0448808807'],"['15 Maroonah Road, Golden Bay, 6174         ']",
192,Little Green Truck Mandurah,['0413816045'],"['12 Australis Circle, Wannanup, 6210                 ']",https://www.facebook.com/LGTMandurah/
193,LJ Hooker Mandurah,['9586'],"['68 Mandurah Terrace, Mandurah, 6210                 ']",https://mandurah.ljhooker.com.au/
194,Lock N Store,['9527'],"['10 Carlston Road, Rockingham, 6168                 ']",http://www.locknstore.com.au/
195,Lockdown Security Solutions,['9584'],"['47 Peel Street, Mandurah, 6210                 ']",https://lockdownsecurity.com.au/
196,Lone Pine Mechanical,['95272774'],"['55 Dixon Road, Rockingham, 6168                 ']",https://lonepinewa.com.au/
197,Lone Star Halls Head,['9586'],"['14 Guava Way, Hall Head, 6210                 ']",https://www.facebook.com/lonestarribhousehallshead/
198,Looks Like Grass,['0451041479'],"['10 Helmshore Way, Port Kennedy, 6172                 ']",https://www.lookslikegrass.com.au/
199,Love To Be,['0407773868'],"['Shop 1, ']",https://www.lovetobe.com.au/
200,Lulu’s Cafe Rockingham,['95576291'],"['15 Rockingham Beach Road, Rockingham, 6168                 ']",https://www.facebook.com/LulusCafeRockingham/
201,M & B Sales Mandurah,['95838000'],"['25 Hampton Street, Mandurah, 6210                 ']",https://mbsales.com.au/
202,M Finance Pty Ltd,['0412411823'],"['PO Box 8154, Warnbro, 6169                 ']",https://mfinance.net.au/
203,M’Mates Place,['0410564227'],"['85 Reserve Drive, Mandurah, 6210                 ']",https://www.mmatesplaceperth.com/
204,Madora Bay Mechanical,['95848854'],"['5/37 Reserve Drive, Mandurah, 6210         ']",
205,Man Up Gents Hairdressing,['9542'],"['Lakelands Shopping Centre, Mandurah Road, Lakelands, 6180                 ']",https://www.manupgentshairdressing.com.au/
206,Mandurah Boat Shop,['9581'],"['37 Gordon Road, Greenfields, 6210                 ']",http://www.mandurahboatshop.com.au/
207,Mandurah Bolt Supplies,['95827044'],"['9 Rafferty Road, Mandurah, 6210                 ']",http://www.boltsupplies.com.au/
208,Mandurah Camerahouse,['95354638'],"['Mandurah Forum, 330 Pinjarra Rd, Mandurah, 6210                 ']",https://www.facebook.com/mandurahcamerahouse/
209,Mandurah Caravan and RV Centre,['95817300'],"['18 Panton Road, Greenfields, 6210                 ']",https://mandurahrv.com.au/
210,Mandurah Caravan Repair Centre,['95818688'],"['38 Panton Road, Greenfields, 6210                 ']",https://www.mdhcaravanrepairs.com.au/
211,Mandurah Central Bookshop and Exchange,['95812245'],"['3/43 Pinjarra Road, Mandurah, 6210                 ']",https://www.facebook.com/MandurahCentralBookshopandExchange/
212,Mandurah Chiropractic,['9535'],"['116 Pinjarra Road, Mandurah, 6210                 ']",https://www.mandurahchiropractic.com.au/
213,Mandurah City Yamaha & KTM,['95842411'],"['3 Canton Fairway, Greenfields, 6210                 ']",https://www.facebook.com/mcyktm
214,Mandurah Custom Kitchens,['0417'],"['Unit 5/6 Tindale Street, Mandurah, 6210                 ']",https://www.mandurahcustomkitchens.com.au/
215,Mandurah Dry Cleaners,['9535'],"['Shop 5/325 Pinjarra Road, Mandurah, 6210                 ']",https://www.facebook.com/Mandurah-Dry-Cleaners-291221877888864/
216,Mandurah Glass,['9581'],"['21 Tindale Street, Mandurah, 6210                 ']",https://www.mandurahglass.com.au/
217,Mandurah Graphics,['9535'],"['20 Tuckey Street, Mandurah, 6210                 ']",https://www.mandurahgraphics.com.au/
218,Mandurah Hyundai,['9586'],['119 '],http://www.mandurahhyundai.com.au/
219,Mandurah Kia,['9535'],"['8 Randell Street, Mandurah, 6210                 ']",http://www.mandurahkia.com.au/
220,Mandurah Legal,['95208020'],"['53 Sholl Street, Mandurah, 6210                 ']",https://www.mandurahlegal.com/
221,Mandurah Mega Movies,['95868331'],"['Shop 3, ']",https://www.facebook.com/Mandurah-Mega-Movies-1992128714369244/
222,Mandurah Mitsubishi,['9535'],[],http://www.mandurahmitsubishi.com.au/
223,Mandurah Motor Marine,['9581'],"['97 Park Road, Mandurah, 6210                 ']",https://mandurahmotormarine.com.au/
224,Mandurah Motors & Auctions,['95863082'],[],https://www.facebook.com/mandurahauctions/
225,Mandurah Murray Mayday Inc. - Barragup,['0408756226'],"['4 Douglas Place, Barragup, 6209         ']",
226,Mandurah Murray Mayday Inc. - Mandurah,['95828164'],"['17 Davey Street, Mandurah, 6210         ']",
227,Mandurah Nissan,['9586'],['53 '],http://www.mandurahnissan.com.au/
228,Mandurah Patios & Sheds,['9583'],"['5/1 Rafferty Close, Mandurah, 6210                 ']",http://www.mandurahpatiosandsheds.com/
229,Mandurah Prestige & Performance,['9582'],"['31 Galbraith Loop, Erskine, 6210                 ']",https://mandurahprestige.com.au/
230,Mandurah Rock 'n' Loam,['95817570'],"['45 Gordon Road, Mandurah, 6210                 ']",http://www.mandurahrocknloam.com.au/
231,Mandurah Roller Door Centre,['9555'],"['Unit 2, 6 Thornborough Road, Greenfields, 6210                 ']",https://www.mandurahrollerdoorcentre.com.au/
232,Mandurah Safety & Training Services,['9581'],"['3 Delmont Pl, Greenfields, 6210                 ']",https://www.msts.com.au/
233,Mandurah Shower Repairs,['0456234523'],"['30 Pinegrove Vista, Meadow Springs, 6210                 ']",https://www.mandurahshowerrepairs.com.au/
234,Mandurah South Vet,['9534'],"['Shop 3, Falcon Grove Shopping Centre, Falcon, 6210                 ']",https://www.facebook.com/coastalmandurahsthvets/
235,Mandurah Stockfeeds,['9535'],"['7 Rafferty Road, Mandurah, 6210                 ']",https://www.facebook.com/Mandurah-Stockfeeds-188293014567894/
236,Mandurah Structures Shadesails & Marine Services,['0416291754'],"['45 Rees Place, Wannanup, 6210                 ']",https://www.mssms.com.au/
237,Mandurah Suzuki,['9535'],"['55 Pinjarra Road, Mandurah, 6210                 ']",http://www.mandurahsuzuki.com.au/
238,Mandurah Taxis Pty Ltd,['95818999'],"['4 Harlem Place, Greenfields, 6210                 ']",https://www.mandurahtaxis.com.au/
239,Mandurah Tyrepower,['9535'],"['104 Pinjarra Road, Mandurah, 6210                 ']",http://www.tyrepower.com.au/stores/80000253/mandurah-tyrepower
240,Marina Cellars Bottlemart,['9534'],"['Unit 1/16 Dolphin Drive, Mandurah, 6210                 ']",https://www.facebook.com/marina.cellars.mandurah/
241,Mariner Diesel Services,['0488048969'],"['8/187 Breakwater Parade, Mandurah, 6210                 ']",https://marinerdiesel.com.au/
242,Master Lock Service,['0400040838'],"['PO Box 4348, Mandurah North, 6210                 ']",https://www.facebook.com/MasterLockServiceLocksmith/
243,Mataya Eatery,['0438'],"['20 Sholl Street, Mandurah, 6210                 ']",https://www.facebook.com/matayaeatery
244,MatchWorks,['6350'],"['77 Pinjarra Rd, Mandurah, 6210                 ']",https://www.matchworks.com.au/
245,MC'S Bakery,['0484689420'],"['3234 Old Coast Road, Lake Clifton, 6215                 ']",https://www.facebook.com/mcbakerylakeclifton/
246,Mediawriter,['0419771649'],"['PO Box 998, Mandurah, 6210                 ']",https://www.facebook.com/themediawriter
247,Merlin Cabinets,['95842822'],"['U3 / 14 Thornborough Road, Mandurah, 6210                 ']",https://www.merlincabinets.com.au/
248,Miami Bakehouse,['9557'],['13 '],https://www.facebook.com/MiamiBakehouse
249,Mossy Back Clothing,['0437418921'],"['Waroona, Waroona, 6215                 ']",https://mossyback.com.au/
250,Motobility,['94793232'],"['2/17 Gordon Rd, Mandurah, 6210                 ']",https://www.motobility.com.au/
251,Moving Forward Mediation,['0455868083'],"['4 Outrigger Way, Mandurah, 6210                 ']",http://www.movingforwardmediation.com/
252,Mr & Mrs Mechanical,['9417'],"['43a Sustainable Avenue, Bibra Lake, 6163                 ']",https://www.facebook.com/mrandmrsmechanical
253,MSF Electrical,['0405987386'],"['Mandurah, Mandurah, 6210                 ']",https://www.msfelectrical.com.au/
254,Muffin Break Halls Head,['9586'],"['14 Guava Way, Halls Head, 6210                 ']",https://muffinbreak.com.au/
255,Mufflers R Us,['95816234'],"['2/14 Hampton Street, Greenfields, 6210                 ']",http://mufflersrus.com.au/
256,Murray House Resource Centre,['0418958311'],"['14 James Street, Pinjarra, 6280                 ']",http://www.mhr.org.au/
257,Music Force,['9582'],"['3/39 Gordon Road, Greenfields, 6210                 ']",http://www.musicforce.com.au/
258,My Little Bookshop,['0430'],"['7a Coppercups Place, Halls Head, 6210                 ']",https://www.mylittlebookshop.com.au/
259,MyOnlineGuy - Websites & Ads,['1300391323'],"['Suite 1, Building A 71 Allnutt St, Mandurah, 6210                 ']",https://myonlineguy.com.au/
260,Nash Clavey - Mandurah,['9535'],"['44 Vivaldi Drive, Mandurah, 6210                 ']",https://www.nashclavey-mandurah.com.au/
261,New Hope Therapy,['0407900973'],"['Unit 6, 11 Minden Lane, Baldivis, 6171                 ']",https://www.newhopetherapy.com.au/
262,newsXpress Halls Head,['9586'],"['Shop 15 / 14 Guava Way, Halls Head, 6210                 ']",https://www.facebook.com/newsXpress-Halls-Head-832519113500574/
263,Nite Magic,['9535'],"['Shop 3, 3B Smart Street Mall, Mandurah, 6210                 ']",https://www.facebook.com/smartstreetmall/
264,Nourishing The Soul Cafe,['0422'],"['40 Darwin Terrace, Dudley Park, 6210                 ']",https://www.facebook.com/nourishingsoulcafe/
265,Ocean & Earth WA,['9591'],"['3/10 Martin Road, Rockingham, 6168                 ']",https://oceanandearthwa.com.au/
266,Ocean Glass and Glazing,['95109963'],"['44 Pinjarra Rd, Mandurah, 6210                 ']",https://oceanglass.com.au/
267,Orbit Fitness Mandurah,['62413090'],"['278 Pinjarra Rd, Mandurah, 6210                 ']",https://www.facebook.com/orbitfitnessmandurah/
268,Outdoor Blind Designs,['9583'],"['1/24 Rouse Road, Greenfields, 6210                 ']",https://www.outdoorblinddesigns.com.au/
269,Palm Springs Pharmacy,['9593'],"['3/3 Halliburton Avenue, Warnbro, 6169                 ']",https://www.palmspringspharmacy.com.au/
270,Party Plus Mandurah,['95869880'],"['44 Reserve Drive, Mandurah, 6210                 ']",http://www.partyplus.com.au/
271,"Peekaboo Dogwash, Grooming & Daycare",['9581'],"['22 Hampton Street, Greenfields, 6210                 ']",https://www.facebook.com/peekaboodogwash/
272,Peel Bearings Tools & Filters,['95833525'],"['51 Gordon Rd, Greenfields, 6210                 ']",https://www.peelbearings.com.au/
273,Peel Chiropractic,['9535'],"['22 Peel Street, Mandurah, 6210                 ']",https://peelchiropractic.com.au/
274,Peel Datacomms,['0429'],"['150 San Sebastian Boulevard, Port Kennedy, 6172                 ']",http://www.peeldatacomms.com.au/
275,Peel Electrical Service,['95377519'],"['7 Davis Road, Barragup, 6209                 ']",https://peelelectrical.com.au/
276,Peel Exhaust & Towbar Centre,['9581'],"['2 Thornborough Road, Greenfields, 6210                 ']",http://www.peelexhaust.com.au/
277,Peel Flower House,['95815573'],"['Shop 4/10 Guava Way, Halls Head, 6210                 ']",https://www.peelflowerhouse.com.au/
278,Peel Legal Barristers and Solicitors,['9535'],"['135 Mandurah Terrace, Mandurah, 6210                 ']",http://www.peellegal.com.au/
279,Peel Paint Place,['9581'],"['100 Park Road, Mandurah, 6210                 ']",http://www.paintplace.com.au/
280,Peel Region Charters & Tours,['0499767296'],"['37 Lascelles Circus, Lakelands, 6180                 ']",https://www.facebook.com/PeelRegionAirportTransfers/
281,Peel Test N Tag,['0458'],"['7 Ivanhoe Crescent, Falcon, 6210                 ']",https://peeltestntag.com.au/
282,Peel Tree Lopping,['0404986162'],"['Mandurah, Mandurah, 6210                 ']",https://www.facebook.com/Peeltreelopping/
283,Peninsula Personal Injury Lawyers,['9581'],"['Unit 1, 33 Davey Street, Mandurah, 6210                 ']",https://peninsulapersonalinjurylawyers.com.au/
284,Performax Perth,['9535'],['107 '],https://www.performaxperth.com.au/
285,Pharmacy 777 Mandurah,['9534'],"['U2/7 Dower Street, Mandurah, 6210                 ']",https://www.facebook.com/pharmacy777mandurah/
286,Pinjarra Bakery,['9531'],"['Shop 6, 2 Peel Street, Pinjarra, 6208                 ']",https://m.facebook.com/gr8pies/
287,Pinjarra Diner,['9531'],"['9 George Street, Pinjarra, 6208                 ']",https://www.facebook.com/pinjarralunchbarandcafe/
288,Pinjarra Fish & Chips,['9531'],"['Shop 2 / 2 Peel Street, Pinjarra, 6208                 ']",https://www.facebook.com/pinjfc/
289,Platinum Electricians Mandurah,['95822114'],"['39 Durham Crescent, Dawesville, 6211                 ']",https://www.platinumelectricians.com.au/
290,Poolmart Mandurah,['95834533'],"['Shop 11, 8 Magenta Terrace, Mandurah, 6210                 ']",https://www.facebook.com/poolmartmandurah/
291,Poolside Mandurah,['9581'],"['6 Peelwood Parade, Hall Head, 6210                 ']",https://www.poolsidemandurah.com.au/
292,Poolwerx,['95861455'],"['Shop 15 / 175 Mandurah Terrace, Mandurah, 6210                 ']",https://www.poolwerx.com.au/
293,Port Bouvard Fish Shack,['95342106'],"['45 Rees Place, Wannanup, 6210                 ']",https://www.facebook.com/Fish-Shack-Port-Bouvard-724188704698970/
294,Port Quays Liquor and Deli,['0411953352'],"['3/4 Port Quays, Wannanup, 6210                 ']",https://www.facebook.com/portquays.liqourdeli/
295,PortCare,['93378541'],"['372 South Street, ']",https://www.portcare.com.au/home
296,Prestige Lock Service,['9524'],"['3/3 Fielden Way, Port Kennedy, 6169                 ']",https://www.prestigelock.com.au/
297,Prestige Products ,['95348400'],"['45B Reserve Drive, Mandurah, 6210                 ']",https://prestigewa.com.au/
298,Pretty Little Designs,['0400'],"['Royal Cresent, Wannanup, 6210                 ']",https://prettylittledesigns.com.au/
299,Protech 2u,['0400469519'],"['40 Steerforth Drive, Mandurah, 6210                 ']",https://www.facebook.com/Protech-2u-107056497297093/
300,Pumps 'N' Pipes,['95816767'],"['Unit 1 / 43 Gordon Road, Greenfields, 6210                 ']",http://www.pumpsnpipes.com/
301,"QA Plumbing, Gas & Drainage",['9582'],"['8 Rafferty Road, Mandurah, 6210                 ']",http://www.qaplumbing.com.au/
302,"QA Plumbing, Gas & Drainage",['95828822'],"['8 Rafferty Road, Mandurah, 6210                 ']",https://www.qaplumbing.com.au/
303,QP Fencing & Gates,['95351446'],"['Mandurah, Mandurah, 6210                 ']",http://qpfencingandgates.com.au/
304,Quality Caravan Repairs,['0428897646'],"['Mandurah, Mandurah, 6210                 ']",https://www.facebook.com/qualitymobilecaravanrepairs/
305,Radiant Glow Skin & Body Treatments,['0428943115'],"['Shop 22/25 Meadow Springs Drive, Meadow Springs, 6210                 ']",https://www.radiantglowtreatments.com/
306,Ralphy's Ocean Treats Seafood Cafe,['0447'],"['619 Old Coast Road , Falcon, 6210                 ']",https://www.facebook.com/Ralphysoceantreatsseafoodcafe/
307,Real Plumbing and Gas,['0400239503'],"['Rockingham, Rockingham, 6169                 ']",https://www.realplumbingandgas.com.au/
308,Reflective Auto Detailing,['0467645982'],"['Unit 3/4 Delmont Place, Greenfields, 6210                 ']",http://www.reflectiveautodetailing.com/
309,Relax Bedding,['9583'],"['Unit 9 / 9 Gordon Road, Mandurah, 6210                 ']",https://www.relaxbedding.com.au/
310,Resume Experts,['0418'],"['St Laurent Close, Greenfields, 6210                 ']",http://resumeexperts.com.au/
311,Revz Mandurah Barbershop,['0419953985'],"['Unit 5, ']",https://www.facebook.com/revz1948/
312,RigidUnifix,['0435'],"['Ward Street, Mandurah, 6210                 ']",https://www.facebook.com/rigidunifix/
313,Rise Electrics,['95356634'],"['2 Martyn Road, Mandurah, 6210                 ']",https://www.facebook.com/Rise-Electrics-1158395577598972/
314,Roast Express Rockingham,['95274266'],"['U1/14Railway Terrace, Rockingham, 6169                 ']",https://www.facebook.com/Roast-Express-Rockingham-282870788502324/
315,Rockingham Beach Florist,['9527'],"['18 Kent Street, Rockingham, 6168                 ']",http://www.rockinghambeachflorist.com.au/
316,Samudera Artisan Food And Bakehouse,['9535'],"['29 Mandurah Terrace, Mandurah, 6210                 ']",https://www.facebook.com/SamuderaMandurah/
317,Sarbas Italian Restaurant,['6558'],"['Lakelands Shopping Centre, Mandurah Road, Lakelands, 6180                 ']",https://www.sarbas.com.au/
318,Sauvage The Agency,['6147'],"['36 Davey Street, Mandurah, 6210                 ']",https://www.theagencymandurah.com.au/
319,SCG Plumbing and Gas,['0422105381'],"['Wannanup, Wannanup, 6210                 ']",https://www.facebook.com/scgplumb
320,Scotty's Steakhouse,['95111004'],"['Shop 4/397 Warnbro Sound Ave, Port Kennedy, 6172                 ']",https://www.facebook.com/scottyssteakhousepk/
321,SDJ Plumbing and Gas,['0428654943'],"['2/17 Rafferty Rd, Mandurah, 6210                 ']",https://www.sdjplumbing.com.au/
322,Seabreeze Deli,['9535'],"['43 Anstruther Road, Mandurah, 6210                 ']",https://www.facebook.com/Seabreeze-Deli-305417197309/
323,Seachange Realty,['9586'],"['48 Dolphin Drive, Mandurah, 6210                 ']",http://www.seachangerealty.com.au/
324,Second Chance Interiors,['9583'],"['63 Gordon Rd, Mandurah, 6210                 ']",https://www.secondchanceinteriors.com.au/
325,Septics and Soakwells WA,['1300'],"['Mandurah, Mandurah, 6000                 ']",https://www.septicsandsoakwellswa.com.au/
326,Shampoo Shop Mandurah,['0478414574'],"['Mandurah Forum, 330 Pinjarra Road, Mandurah, 6210                 ']",https://www.facebook.com/ShampooShopPerth/
327,Shampoo Shop Rockingham,['0434'],"['Rockingham Shopping Centre, 1 Council Ave, Rockingham, 6168                 ']",https://www.facebook.com/ShampooShopPerth/
328,Shoalwater News and Lotteries,['0404'],"['117 Safety Bay Road, Shoalwater, 6169                 ']",https://www.facebook.com/ShoalwaterNews
329,Show 'N' Shine Spraypainters,['0406500433'],"['85 Reserve Drive, Mandurah, 6210                 ']",https://www.facebook.com/SHOW-N-SHINE-Spraypainters-624482338067979/
330,Sik Hobbies,['9592'],"['10 Goddard Street, Rockingham, 6168                 ']",https://www.facebook.com/pages/category/Shopping---Retail/Sik-Hobbies-Rockingham-239329316409024/
331,Silver Sands Canvas,['0437057589'],"['3/8 Rouse Road, Greenfields, 6210                 ']",https://www.facebook.com/SSSMarine/
332,Silver Sands Tavern Drive Thru Bottleshop,['95351500'],"['176 Mandurah Tce, Silver Sands, 6210                 ']",https://silversandstavern.com/
333,Simply Unified,['1300'],"['Unit 8, 3 Blackburn Drive, Port Kennedy, 6172                 ']",https://simply-unified.com.au/
334,Skewerz Kebabz Mandurah,['9500'],"['330 Pinjarra Road, Mandurah, 6210                 ']",http://skewerz.net.au/
335,Smartline Madora Bay,['0415055002'],"['PO Box 1088, Mandurah, 6210                 ']",https://www.smartline.com.au/mortgage-broker/agermano/
336,Smith’s Fitness,['0416399555'],"['2/2 Helmshore Way, Port Kennedy, 6210                 ']",https://www.facebook.com/SmithsFitness/
337,Solomons Flooring Mandurah,['95818136'],"['5B Kulin Way, Mandurah, 6210                 ']",https://www.facebook.com/SolomonsFlooringMandurah/
338,Sound Business Equipment and Stationery,['0410440686'],"['Unit 4, 103 Dixon Rd, Rockingham, 6168                 ']",http://www.soundbusiness.com.au/
339,South Coast Auto Electrics,['95820472'],"['Unit 3/33 Thornborough Road, Greenfields, 6210                 ']",http://www.southcoastautoelectrics.com.au/
340,Southern Dental Care,['95815344'],"['Suite 7/5 Murdoch Drive, Greenfields, 6210                 ']",https://www.southerndentalcare.com.au/
341,Southern Sheetmetal Works,['95817222'],"['33 Panton Rd, Greenfields, 6210                 ']",https://www.facebook.com/Southern-Sheetmetal-Works-Pty-Ltd-195530487613943/
342,Specialized Garage Doors,['0430212379'],"['3 Gael Place, Halls Head, 6210                 ']",https://specializedgaragedoor.com.au/
343,Spill The Beans Café @ Seascapes,['9581'],"['141 Boardwalk Boulevard, Halls Head, 6210                 ']",https://www.facebook.com/SpilltheBeansatSeascapes/
344,Squeeze & Grind Co,['0447974133'],"['4/38 Mandurah Terrace, Mandurah, 6210                 ']",https://www.facebook.com/squeezeandgrindco
345,Star Surf + Skate,['95354500'],"['20 Mandurah Terrace, Mandurah, 6210                 ']",https://www.starsurf.com.au/pages/all-locations-opening-hours
346,Steeltree @ Settlers,['9523'],"['Shop 7 / 59 Arpenteur drive, Baldivis, 6171                 ']",http://steeltree.com.au/
347,Subway Falcon,['95342530'],"['Unit 7, ']",
348,Success Business Services,['94147249'],"['3/20 Rouse Road, Greenfields, 6210                 ']",https://www.successbs.com.au/
349,Sugar Lips Donut Co.,['0421078627'],"['Silver Sands Beach, Mandurah, 6210                 ']",https://www.facebook.com/Sugar-Lips-Donut-Co-108636750494926/
350,Superior Limestone,['0417'],"['61 Waterlily Drive, Dudley Park, 6210                 ']",https://www.facebook.com/SuperiorLimestone
351,Tackle World Miami,['9534'],"['8/651 Old Coast Road, Falcon, 6210                 ']",http://www.tackleworldmiami.com.au/
352,Tams Bath Bomb Bakery,['0437734034'],"['Shop 5, 37 Dolphin Drive, Mandurah, 6210                 ']",https://tamsbbbakery.com/
353,Tanya's Tucker,['0417'],"['748 Old Coast Road, Wannanup, 6210                 ']",https://www.facebook.com/Tanyas-Tucker-109666242977105/
354,Taylor's Water and Gas,['0431054799'],"['101 Murdoch Drive, Singleton, 6175                 ']",https://www.facebook.com/taylorswaterandgas/
355,TDR Stone,['0413'],"['1/114 Park Road, Mandurah, 6210                 ']",https://www.facebook.com/TDRSTONE/
356,Terry White Chemmart,['9535'],"['Shop 69 Mandurah Forum, 330 Pinjarra Road, Mandurah, 6210                 ']",https://www.terrywhitechemmart.com.au/
357,The Bather Bar,['95348100'],"['Shop 16, The Plaza, Tuckey Street, Mandurah, 6210                 ']",https://www.batherbar.com.au/
358,The Bay Cafe,['9535'],"['5/9 Mandurah Terrace, Mandurah, 6210                 ']",https://www.facebook.com/The-Bay-Cafe-Mandurah-886532281737240/
359,The Bridge 7 Day Pharmacy,['95829256'],"['1/10 Old Coast Road, Halls Head, 6210                 ']",https://www.facebook.com/Thebridge7daypharmacy/
360,The Cooks Kitchen,['9586'],"['Unit 4, 68 Reserve Drive, Mandurah, 6210                 ']",https://www.facebook.com/thecookskitchenmandurah/
361,The Diamond Tree Jewellery Studio,['0491626582'],"['PO Box 4209, Baldivis, 6171                 ']",https://thediamondtree.com.au/
362,The Dwellingup Hotel,['9538'],"['13 Marinup Street, Dwellingup, 6213                 ']",https://www.facebook.com/Dwellinguphotel/
363,The Fisho,['0408314114'],[],https://www.myfisho.com/
364,The Glass Jar,['0478703390'],"['11/4 Guava Way, Halls Head, 6210                 ']",http://theglassjar.com.au/
365,The Home Hub,['95353511'],"['1/ 81 Gordon Road, Greenfields, 6210                 ']",https://thehomehub.net.au/
366,The Home Hub,['6555'],"['81 Gordon Road, Greenfields, 6210                 ']",https://thehomehub.net.au/
367,The Hub Integrated Child Development Solutions,['9557'],"['1/94 Mandurah Terrace, Mandurah, 6210                 ']",http://www.thehubwa.com.au/
368,The Hummingbird Waterside Cafe,['0468764527'],"['1 / 38 Mandurah Tce, Mandurah, 6210                 ']",https://www.facebook.com/hummingbirdwatersidecafe/
369,The Lazy Crab,['9582'],['21 '],https://www.thelazycrab.com/
370,The Leprechaun Cafe,['95821189'],"['170 Estuary Road, Dawesville, 6211                 ']",https://www.facebook.com/Leprecahun/
371,The Sky Bakery and Patisserie,['0405'],"['Shop 4 / 49 Banksiadale Gate, Lakelands, 6210                 ']",https://theskybakery.com.au/
372,The Wandering Leaf,['0481283756'],"['19 Templetonia Promenade, Halls Head, 6210                 ']",https://www.thewanderingleaf.com.au/
373,The Whizz Pop Candy Shop,['9535'],"['28 Mandurah Terrace, Mandurah, 6210                 ']",https://www.facebook.com/whizzpopcandyshop
374,This With That Curtains and Blinds,['0467409730'],"['1/6 Thornborough Rd, Greenfields, 6210                 ']",https://www.facebook.com/CurtainsAndBlinds/
375,Three Rivers Brewing Company,['0411'],"['6 Harlem Place, Greenfields, 6210                 ']",https://www.facebook.com/3RiversCraftBrewing/
376,Tiles Expo / Tile Boutique Mandurah,['9583'],"['Unit 4, ']",http://www.tilesexpo.com.au/
377,TMO Pest and Weed Management,['0458'],"['Kwinana, Kwinana, 6167                 ']",https://www.tmopestandweed.com.au/
378,TNT Motor Mechanics & Auto Electrics,['9581'],"['29 Thornborough Road, Mandurah, 6210                 ']",https://www.facebook.com/TNTMotorMechanics/
379,Tods Cafe,['95811666'],"['73 Mandurah Terrace, Mandurah, 6210                 ']",https://www.todscafe.com.au/
380,Topper Sailboats Australia,['0410116880'],"['PO Box 5257, Falcon, 6210                 ']",https://www.toppersailboatsaustralia.com/
381,Toyworld Mandurah,['9517'],"['Unit 5/10 Dower Street, Mandurah, 6210                 ']",https://www.toyworld.com.au/stores/207/toyworld-mandurah/
382,Travelling Wheel Bearings,['0411'],"['Mandurah, Mandurah, 6210                 ']",https://www.facebook.com/travellingwheelbearings
383,Treasured Tots Early Education Mandurah,['95356946'],"['52 Sholl Street, Mandurah, 6210                 ']",https://treasuredtots.com.au/
384,Tree of Life Cafe,['0410524481'],"['31 Sholl Street, Mandurah, 6210                 ']",https://treeoflifecafe.com.au/
385,Tuckey's Hardware,['95311473'],"['19 George Street, Pinjarra, 6208                 ']",https://www.facebook.com/pages/category/Hardware-Store/Tuckeys-Mitre-10-844407538939996/
386,Tuckey's Mitre 10,['95311473'],"['19 George Street, Pinjarra, 6208                 ']",https://www.facebook.com/Tuckeys-Mitre-10-844407538939996/
387,TurnKey 360,['95842073'],"['133 Mandurah Terrace, Mandurah, 6210                 ']",http://turnkey360.com.au/
388,Tyrepower Pinjarra,['9531'],"['5 South Western Highway, Pinjarra, 6208                 ']",https://www.tyrepowerpinjarra.com.au/
389,Ugly Mugs Cafe,['95353968'],[],https://www.uglymugscafe.com.au/
390,Ultimate Automotive WA,['0406'],"['Mandurah, Mandurah, 6210                 ']",http://www.favebook.com/ultimateautomotive
391,Ultrasound Services,['95835199'],"['Unit 5/19 Davey Street, Mandurah, 6210                 ']",https://ultrasoundservices.com.au/
392,Ultratune Mandurah,['9582'],"['Unit 3/22 Galbraith Loop, Erskine, 6210                 ']",https://www.ultratune.com.au/
393,Unity Cabinets & Renovations,['0400022660'],"['Unit 3/3 Carleton Place, Greenfields, 6210                 ']",https://www.facebook.com/UnityCabinets/
394,Up In Smoke,['0410340077'],"['U5/2 Helmshore Way, Port Kennedy, 6172                 ']",https://www.facebook.com/upinsmokecatering.com.au/
395,VacPac Gutter Clean,['0417'],"['163 Clifton Downs Road, Herron, 6211                 ']",https://www.facebook.com/VacPac-Gutter-Clean-345882215895457/
396,Vibe Petroleum Mandurah,['9586'],"['2 Rafferty Road, Mandurah, 6210                 ']",https://www.facebook.com/vibe.mandurah.35
397,Viewguard Pty Ltd,['95817232'],"['3/31 Thornborough Road, Greenfields, 6210                 ']",https://viewguard.com.au/
398,Virtual Office Management Australia,['0413'],"['Unit 2, 84 Pinjarra Road, Mandurah, 6210                 ']",https://www.voma.com.au/
399,WA Electrical Enterprises,['0405830502'],"['10B Cathryn Street, Halls Head, 6210                 ']",http://www.electricianmandurah.com.au/
400,Walkabout Souvenirs Mandurah,['95829805'],"['Shop 3/26 Mandurah Tce, Mandurah, 6210                 ']",https://www.facebook.com/walkaboutmandurah/
401,Walker Signs,['0408'],"['34 Britawast Road, Madora Bay, 6210                 ']",https://www.facebook.com/walkersignsandgraphics/
402,Warnbro Deli,['0427927894'],"['1 Hokin Street, Warnbro, 6169                 ']",https://www.facebook.com/WarnbroDeli/
403,Wattsies Place,['97391065'],"['2299 Old Coast Road, Herron, 6211                 ']",https://wattsiesplace.com/
404,West Coast Auto Airconditioning,['9581'],"['Unit 4, 67 Gordon Road, Greenfields, 6210                 ']",https://westcoastautoair.com.au/
405,West Coast Back + Body Centre,['95349399'],"['21 Peelwood Pde, Halls Head, 6210                 ']",https://www.facebook.com/hallsheadchiro/
406,West Coast Catering,['0437460258'],"['Delta Drive, South Yunderup, 6208                 ']",https://www.facebook.com/WestCoastCatering/
407,Westcoast Power Equipment,['95359996'],"['6 Husband Road, Barragup, 6209                 ']",http://www.westcoastpowerequipment.com.au/
408,Whitcroft IT,['95834750'],"['Unit 1/3 Thornborough Road, Mandurah, 6210                 ']",https://www.whitcroftit.com.au/
409,Wicked Lilly,['9534'],"['Shop 6 Olive Road, Falcon, 6210                 ']",https://www.facebook.com/wickedlillyflowers/
410,Wildecom Homes,['1300'],"['40 Kulin Way, Mandurah, 6210                 ']",https://www.wildecomhomes.com.au/
411,Wolfram Metal Recyclers,['9524'],"['3 Bessemer Road, Port Kennedy, 6172                 ']",https://www.facebook.com/wolframmetalrecyclers/
412,Woodbury Plumbing,['0419711979'],"['Lake Clifton, Lake Clifton, 6215                 ']",http://www.woodburyplumbing.com.au/
413,Work Clobber Mandurah,['95369668'],"['275 Pinjarra Road, Mandurah, 6210                 ']",http://www.workclobbermandurah.com.au/
414,World of Kids / FUN-A-RAMA,['9534'],"['152 Wanjeep Street, Coodanup, 6210                 ']",https://www.worldofkids.com.au/
415,Xclusive Money,['0400787613'],"['Acropolis Road, Baldivis, 6171                 ']",https://www.xclusivemoney.com.au/
416,Your Hairy Friend,['95354933'],"['Shop 5, The Plaza, Tuckey Street, Mandurah, 6210                 ']",https://www.facebook.com/mandurahbarber/
417,Zippy Rentals,['9529'],"['87 Dixon Road, Rockingham, 6168                 ']",http://www.zippyrentals.com.au/
